g4205a;A42G;E104K;M182T;G238S;VAL
0;0;0;0;0;0.088
0;0;0;0;1;1.4
0;0;0;1;0;0.063
0;0;0;1;1;32
0;0;1;0;0;0.13
0;0;1;0;1;360
0;0;1;1;0;0.18
0;0;1;1;1;360
0;1;0;0;0;0.088
0;1;0;0;1;23
0;1;0;1;0;1.4
0;1;0;1;1;360
0;1;1;0;0;1.4
0;1;1;0;1;2100
0;1;1;1;0;0.8
0;1;1;1;1;2900
1;0;0;0;0;0.088
1;0;0;0;1;1.4
1;0;0;1;0;0.088
1;0;0;1;1;360
1;0;1;0;0;0.18
1;0;1;0;1;360
1;0;1;1;0;0.18
1;0;1;1;1;2100
1;1;0;0;0;0.088
1;1;0;0;1;360
1;1;0;1;0;0.088
1;1;0;1;1;360
1;1;1;0;0;2
1;1;1;0;1;1500
1;1;1;1;0;1.4
1;1;1;1;1;4100
